<?xml version='1.0' encoding="utf-8"?>

<toc version="2.0">
<tocitem target="k-wave.html" image="$toolbox/matlab/icons/book_mat.gif">k-Wave Toolbox

    <tocitem target="k-wave_getting_started.html" image="HelpIcon.GETTING_STARTED">Getting Started</tocitem>
		
    <tocitem target="k-wave_examples.html" image="HelpIcon.EXAMPLES">Examples</tocitem>

    <tocitem target="k-wave_initial_value_problems.html" image="HelpIcon.USER_GUIDE">Initial Value Problems
        <tocitem target="example_ivp_homogeneous_medium.html">Example: Homogenous Propagation Medium</tocitem>
        <tocitem target="example_ivp_binary_sensor_mask.html">Example: Using A Binary Sensor Mask</tocitem> 
        <tocitem target="example_ivp_opposing_corners_sensor_mask.html">Example: Defining A Sensor Mask By Opposing Corners</tocitem>
        <tocitem target="example_ivp_loading_external_image.html">Example: Loading External Image Maps</tocitem>
        <tocitem target="example_ivp_heterogeneous_medium.html">Example: Heterogeneous Propagation Medium</tocitem>
        <tocitem target="example_ivp_saving_movie_files.html">Example: Saving Movie Files</tocitem>            
        <tocitem target="example_ivp_recording_particle_velocity.html">Example: Recording The Particle Velocity</tocitem>
        <tocitem target="example_ivp_sensor_frequency_response.html">Example: Defining A Gaussian Sensor Frequency Response</tocitem>
        <tocitem target="example_ivp_comparison_modelling_functions.html">Example: Comparison Of Modelling Functions</tocitem>
        <tocitem target="example_ivp_setting_initial_gradient.html">Example: Setting An Initial Pressure Gradient</tocitem>              
        <tocitem target="example_ivp_1D_simulation.html">Example: Simulations In One Dimension</tocitem>            
        <tocitem target="example_ivp_3D_simulation.html">Example: Simulations In Three Dimensions</tocitem>
        <tocitem target="example_ivp_photoacoustic_waveforms.html">Example: Photoacoustic Waveforms In 1D, 2D and 3D</tocitem>
    </tocitem>
        
    <tocitem target="k-wave_time_varying_source_problems.html" image="HelpIcon.USER_GUIDE">Time Varying Source Problems
        <tocitem target="example_tvsp_homogeneous_medium_monopole.html">Example: Monopole Point Source In A Homogeneous Propagation Medium</tocitem> 
        <tocitem target="example_tvsp_homogeneous_medium_dipole.html">Example: Dipole Point Source In A Homogeneous Propagation Medium</tocitem>
        <tocitem target="example_tvsp_transducer_field_patterns.html">Example: Simulating Transducer Field Patterns</tocitem>
        <tocitem target="example_tvsp_steering_linear_array.html">Example: Steering A Linear Array</tocitem>
        <tocitem target="example_tvsp_snells_law.html">Example: Snell's Law And Critical Angle Reflection</tocitem>
        <tocitem target="example_tvsp_doppler_effect.html">Example: The Doppler Effect</tocitem>
        <tocitem target="example_tvsp_slit_diffraction.html">Example: Diffraction Through A Slit</tocitem>
        <tocitem target="example_tvsp_3D_simulation.html">Example: Simulations In Three Dimensions</tocitem>
    </tocitem>        

    <tocitem target="k-wave_sensor_directivity.html" image="HelpIcon.USER_GUIDE">Sensor Directivity
        <tocitem target="example_sd_focussed_detector_2D.html">Example: Focussed Detector In 2D</tocitem>
        <tocitem target="example_sd_focussed_detector_3D.html">Example: Focussed Detector In 3D</tocitem>
        <tocitem target="example_sd_directivity_modelling_2D.html">Example: Modelling Sensor Directivity In 2D</tocitem>   
        <tocitem target="example_sd_directivity_modelling_3D.html">Example: Modelling Sensor Directivity In 3D</tocitem>           
        <tocitem target="example_sd_sensor_directivity_2D.html">Example: Sensor Element Directivity In 2D</tocitem>
        <tocitem target="example_sd_directional_array_elements.html">Example: Focussed 2D Array With Directional Elements</tocitem>        
    </tocitem>         

    <tocitem target="k-wave_photoacoustic_image_reconstruction.html" image="HelpIcon.USER_GUIDE">Photoacoustic Image Reconstruction
        <tocitem target="example_pr_2D_fft_line_sensor.html">Example: 2D FFT Reconstruction For A Line Sensor</tocitem>   
        <tocitem target="example_pr_3D_fft_planar_sensor.html">Example: 3D FFT Reconstruction For A Planar Sensor</tocitem>   
        <tocitem target="example_pr_2D_tr_line_sensor.html">Example: 2D Time Reversal For A Line Sensor</tocitem>
        <tocitem target="example_pr_2D_tr_circular_sensor.html">Example: 2D Time Reversal For A Circular Sensor</tocitem>        
        <tocitem target="example_pr_3D_tr_planar_sensor.html">Example: 3D Time Reversal For A Planar Sensor</tocitem> 
        <tocitem target="example_pr_3D_tr_spherical_sensor.html">Example: 3D Time Reversal For A Spherical Sensor</tocitem>              
        <tocitem target="example_pr_2D_tr_directional_sensors.html">Example: Image Reconstruction With Directional Sensors</tocitem>       
        <tocitem target="example_pr_2D_tr_bandlimited_sensors.html">Example: Image Reconstruction With Bandlimited Sensors</tocitem>
        <tocitem target="example_pr_2D_tr_absorption_compensation.html">Example: Attenuation Compensation Using Time Reversal</tocitem>
        <tocitem target="example_pr_2D_tr_time_variant_filtering.html">Example: Attenuation Compensation Using Time Variant Filtering</tocitem>        
        <tocitem target="example_pr_2D_tr_autofocus.html">Example: Automatic Sound Speed Selection</tocitem>      
        <tocitem target="example_pr_2D_tr_iterative.html">Example: Iterative Image Improvement Using Time Reversal</tocitem>   
        <tocitem target="example_pr_2D_adjoint.html">Example: Iterative Image Reconstruction Using The Adjoint</tocitem>   
    </tocitem>
	
	<tocitem target="k-wave_ultrasound_simulation.html" image="HelpIcon.USER_GUIDE">Diagnostic Ultrasound Simulation
        <tocitem target="example_us_defining_transducer.html">Example: Defining An Ultrasound Transducer</tocitem>
        <tocitem target="example_us_beam_patterns.html">Example: Simulating Ultrasound Beam Patterns</tocitem>
        <tocitem target="example_us_transducer_as_sensor.html">Example: Using An Ultrasound Transducer As A Sensor</tocitem>
        <tocitem target="example_us_bmode_linear_transducer.html">Example: Simulating B-mode Ultrasound Images</tocitem>
        <tocitem target="example_us_bmode_phased_array.html">Example: Simulating B-mode Images Using A Phased Array</tocitem>        
    </tocitem>
    
    <tocitem target="k-wave_numerical_analysis.html" image="HelpIcon.USER_GUIDE">Numerical Analysis
        <tocitem target="example_na_controlling_the_pml.html">Example: Controlling The Absorbing Boundary Layer</tocitem>
        <tocitem target="example_na_source_smoothing.html">Example: Source Smoothing</tocitem>             
        <tocitem target="example_na_filtering.html">Example: Filtering A Delta Function Input Signal</tocitem>   
        <tocitem target="example_na_modelling_absorption.html">Example: Modelling Power Law Absorption</tocitem>  
        <tocitem target="example_na_modelling_nonlinearity.html">Example: Modelling Nonlinear Wave Propagation</tocitem>              
        <tocitem target="example_na_optimising_performance.html">Example: Optimising k-Wave Performance</tocitem>                        
    </tocitem>                            
        
	<tocitem target="k-wave_using_cpp_code.html" image="HelpIcon.USER_GUIDE">Using the C++ Code
        <tocitem target="example_cpp_running_simulations.html">Example: Running C++ Simulations</tocitem> 
        <tocitem target="example_cpp_io_in_parts.html">Example: Saving Input Files in Parts</tocitem>
    </tocitem>

	<tocitem target="k-wave_elastic_wave_propagation.html" image="HelpIcon.USER_GUIDE">Elastic Wave Propagation
        <tocitem target="example_ewp_layered_medium.html">Example: Explosive Source In A Layered Medium</tocitem> 
        <tocitem target="example_ewp_plane_wave_absorption.html">Example: Plane Wave Absorption</tocitem>
        <tocitem target="example_ewp_shear_wave_snells_law.html">Example: Shear Waves And Critical Angle Reflection</tocitem>
		<tocitem target="example_ewp_3D_simulation.html">Example: Simulations In Three Dimensions</tocitem>
    </tocitem>
        
	<tocitem target="k-wave_thermal_diffusion.html" image="HelpIcon.USER_GUIDE">Thermal Diffusion
        <tocitem target="example_diff_homogeneous_medium_diffusion.html">Example: Heat Diffusion In A Homogeneous Medium</tocitem> 
        <tocitem target="example_diff_homogeneous_medium_source.html">Example: Constant Rate Of Heat Deposition</tocitem>
        <tocitem target="example_diff_binary_sensor_mask.html">Example: Using A Binary Sensor Mask</tocitem>
		<tocitem target="example_diff_focused_ultrasound_heating.html">Example: Heating By A Focused Ultrasound Transducer</tocitem>
    </tocitem>        
        
    <tocitem target="k-wave_function_ref_cat.html" image="HelpIcon.FUNCTION">Functions - By Category</tocitem>
    <tocitem target="k-wave_function_ref_alph.html" image="HelpIcon.FUNCTION">Functions - Alphabetical List</tocitem>
    <tocitem target="k-wave_release_notes.html" image="HelpIcon.RELEASE_NOTES">Release Notes</tocitem>
    <tocitem target="k-wave_license.html" image="HelpIcon.RELEASE_NOTES">License</tocitem>	
    <tocitem target="http://www.k-wave.org" image="$toolbox/matlab/icons/webicon.gif">k-Wave Web Site</tocitem>
    <tocitem target="http://www.k-wave.org/forum" image="$toolbox/matlab/icons/webicon.gif">Online Help Forum</tocitem>
	
</tocitem>
</toc>